<?xml version='1.0' encoding='utf-8'?>
<manifest identifier="ue5_packaging_error" version="1.0" xmlns="http://www.imsproject.org/xsd/imscp_rootv1p1p2" xmlns:adlcp="http://www.adlnet.org/xsd/adlcp_rootv1p2">
  <metadata>
    <schema>ADL SCORM</schema>
    <schemaversion>1.2</schemaversion>
  </metadata>
  <organizations default="org1">
    <organization identifier="org1">
      <title>Learning Path: UE5 packaging error</title>
      <item identifier="item_1" identifierref="res_1">
        <title>Step 1: Foundations</title>
        <adlcp:masteryscore>80</adlcp:masteryscore>
      </item>
      <item identifier="item_3" identifierref="res_3">
        <title>Step 3: Resolution</title>
        <adlcp:masteryscore>80</adlcp:masteryscore>
      </item>
    </organization>
  </organizations>
  <resources>
    <resource identifier="res_main" type="webcontent" adlcp:scormtype="sco" href="index.html">
      <file href="index.html" />
    </resource>
    <resource identifier="res_1" type="webcontent" adlcp:scormtype="sco" href="step_1.html" />
    <resource identifier="res_3" type="webcontent" adlcp:scormtype="sco" href="step_3.html" />
  </resources>
</manifest>