{
  "path_id": "blueprint_accessed_none",
  "title": "Learning Path: blueprint accessed none",
  "query": "blueprint accessed none",
  "tags": [
    "scripting.blueprint"
  ],
  "ai_summary": "A 'Blueprint Accessed None' error in Unreal Engine indicates that a Blueprint is trying to access a variable or object that hasn't been properly initialized or has been destroyed, leading to a null reference.",
  "ai_what_you_learn": [
    "Always check if a variable is valid (not None) before attempting to use it in Blueprint logic using the 'IsValid' node.",
    "Ensure that objects referenced in Blueprints are properly spawned or created before being accessed, often in 'BeginPlay' or through a 'SpawnActor' node.",
    "When working with arrays or lists, carefully manage indices to avoid accessing elements that are out of bounds, leading to null references.",
    "Use debugging tools like breakpoints and 'Print String' nodes to trace the flow of execution and identify when variables become None unexpectedly."
  ],
  "ai_key_takeaways": null,
  "steps": [
    {
      "number": 1,
      "type": "foundations",
      "title": "Step 1: Understand Blueprint Basics and Object Lifecycles",
      "description": "Understanding how Blueprints interact with objects and their lifecycles is crucial for troubleshooting 'Accessed None' errors. You need to know when objects are created, destroyed, and how references are maintained.\n\n\ud83d\udc49 **Action:** Watch the initial sections of 'Your First Hour in Unreal Engine 5.7' to grasp the fundamentals of Blueprint creation and object manipulation.",
      "action": "Watch the initial sections of 'Your First Hour in Unreal Engine 5.7' to grasp the fundamentals of Blueprint creation and object manipulation.",
      "content": [
        {
          "type": "video",
          "title": "Your First Hour in Unreal Engine 5.7",
          "url": "https://youtube.com/watch?v=b37Z9l-_g7c",
          "thumbnail_url": "https://i.ytimg.com/vi/b37Z9l-_g7c/hqdefault.jpg",
          "description": "**Why this helps:** This video provides a foundational understanding of Blueprints, variables, and object references, which are necessary to understand the source of 'Accessed None' errors.\n\n\u23f1\ufe0f **When to watch:** Start at the beginning and watch until around 15:00 where the video covers basic Blueprint creation and variable usage. (15 minutes)"
        }
      ]
    },
    {
      "number": 2,
      "type": "diagnostics",
      "title": "Step 2: Diagnosing the 'Accessed None' Error",
      "description": "Pinpointing the exact location and cause of the error is essential. This involves using debugging techniques and understanding how to trace the flow of execution in your Blueprint.\n\n\ud83d\udc49 **Action:** Watch the 'Blueprints In-depth' video, focusing on debugging techniques and Blueprint best practices. Pay close attention to how to use breakpoints and the 'Print String' node.",
      "action": "Watch the 'Blueprints In-depth' video, focusing on debugging techniques and Blueprint best practices. Pay close attention to how to use breakpoints and the 'Print String' node.",
      "content": [
        {
          "type": "video",
          "title": "Blueprints In-depth - Part 1 | Unreal Fest Europe 2019 | Unreal Engine",
          "url": "https://youtube.com/watch?v=j6mskTgL7kU",
          "thumbnail_url": "https://i.ytimg.com/vi/j6mskTgL7kU/hqdefault.jpg",
          "description": "**Why this helps:** This video delves into Blueprint best practices and debugging, which are essential for identifying the source of 'Accessed None' errors.\n\n\u23f1\ufe0f **When to watch:** Focus on the debugging section around 30:00, where they discuss using breakpoints and other debugging tools. (10 minutes)"
        }
      ]
    },
    {
      "number": 3,
      "type": "resolution",
      "title": "Step 3: Applying a Fix Using 'IsValid'",
      "description": "The primary solution for 'Accessed None' errors is to check if a variable or object is valid before attempting to use it. The 'IsValid' node in Blueprint is critical for this.\n\n\ud83d\udc49 **Action:** Search online for tutorials on using the 'IsValid' node in Blueprints. While none of the provided videos explicitly focus on 'IsValid', understanding Blueprint logic from Step 1 and debugging from Step 2 will allow you to implement it.",
      "action": "Search online for tutorials on using the 'IsValid' node in Blueprints. While none of the provided videos explicitly focus on 'IsValid', understanding Blueprint logic from Step 1 and debugging from Step 2 will allow you to implement it.",
      "content": [
        {
          "type": "video",
          "title": "Adding Blueprint Components in Unreal Engine",
          "url": "https://youtube.com/watch?v=ZkP4VOOlNbM",
          "thumbnail_url": "https://i.ytimg.com/vi/ZkP4VOOlNbM/hqdefault.jpg",
          "description": "**Why this helps:** While not directly addressing the error, understanding how to add and manage components, as shown in this video, is crucial for ensuring references are properly set up before being accessed. This helps prevent 'Accessed None' errors in the first place.\n\n\u23f1\ufe0f **When to watch:** Focus on the section about adding and initializing components, around 5:00. (5 minutes)"
        }
      ]
    },
    {
      "number": 4,
      "type": "prevention",
      "title": "Step 4: Prevent Future Issues Through Tooling & Workflow",
      "description": "Creating custom tools and workflows can help prevent 'Accessed None' errors by automating object creation, validation, and reference management. This reduces the chances of manual errors.\n\n\ud83d\udc49 **Action:** Explore the 'Building Tools Quickly' and 'Accelerating Your In-Editor Workflows' videos to learn how to create custom tools that can automate tasks and prevent errors.",
      "action": "Explore the 'Building Tools Quickly' and 'Accelerating Your In-Editor Workflows' videos to learn how to create custom tools that can automate tasks and prevent errors.",
      "content": [
        {
          "type": "video",
          "title": "Building Tools Quickly: Blueprints, Menus, Utilities, and Widgets | Unreal Fest 2022",
          "url": "https://youtube.com/watch?v=wJqOn88cU7o",
          "thumbnail_url": "https://i.ytimg.com/vi/wJqOn88cU7o/hqdefault.jpg",
          "description": "**Why this helps:** This video demonstrates how to create custom tools that can automate tasks and validate data, which can help prevent 'Accessed None' errors by ensuring that objects are properly initialized and referenced.\n\n\u23f1\ufe0f **When to watch:** Start at the beginning to understand the overall concept and focus on sections that demonstrate data validation techniques. (10 minutes)"
        },
        {
          "type": "video",
          "title": "Accelerating Your In-Editor Workflows with Editor Utilities | GDC 2024",
          "url": "https://youtube.com/watch?v=m6mJ9r7ytks",
          "thumbnail_url": "https://i.ytimg.com/vi/m6mJ9r7ytks/hqdefault.jpg",
          "description": "**Why this helps:** This video shows how to automate repetitive tasks within the editor, which can help ensure that objects are created and configured correctly, reducing the likelihood of 'Accessed None' errors.\n\n\u23f1\ufe0f **When to watch:** Focus on sections that describe creating editor utilities to automate object creation and validation, around 15:00. (10 minutes)"
        }
      ]
    }
  ]
}