{
  "path_id": "d3d_device_lost",
  "title": "Learning Path: D3D device lost",
  "query": "D3D device lost",
  "tags": [
    "build.packaging"
  ],
  "ai_summary": "The user is encountering a \"D3D device lost\" error in Unreal Engine, which typically indicates a problem with the graphics card driver, hardware, or the way Unreal Engine is utilizing the graphics card.",
  "ai_what_you_learn": [
    "Update your graphics card drivers to the latest stable version.",
    "Lower the graphics settings in Unreal Engine to reduce GPU load (e.g., Scalability Settings -> Medium or Low).",
    "Check your GPU temperature to ensure it's not overheating (use monitoring software like MSI Afterburner).",
    "Ensure your power supply unit (PSU) is sufficient to handle the power requirements of your GPU and other components."
  ],
  "ai_key_takeaways": null,
  "steps": [
    {
      "number": 1,
      "type": "foundations",
      "title": "Step 1: Understand Packaging and Project Settings",
      "description": "Understanding how Unreal Engine packages a project and the settings involved can sometimes expose underlying issues related to resource usage and driver compatibility. Packaging prepares the project for deployment, which will highlight any errors.\n\n\ud83d\udc49 **Action:** Watch the video to understand the packaging process and project settings that can impact performance.",
      "action": "Watch the video to understand the packaging process and project settings that can impact performance.",
      "content": [
        {
          "type": "video",
          "title": "Packaging Your Project in Unreal Engine",
          "url": "https://youtube.com/watch?v=-OyVWhP2ekk",
          "thumbnail_url": "https://i.ytimg.com/vi/-OyVWhP2ekk/hqdefault.jpg",
          "description": "**Why this helps:** This video introduces the packaging process which helps uncover potential issues. It is a general overview of project settings that might impact the 'D3D device lost' error.\n\n\u23f1\ufe0f **When to watch:** Watch the introduction to understand the basic project structure, then skip to the section on packaging settings. (10 minutes)"
        }
      ]
    },
    {
      "number": 2,
      "type": "diagnostics",
      "title": "Step 2: Diagnose Your Issue by Monitoring Performance",
      "description": "Before diving into fixes, it's crucial to understand if the 'D3D device lost' error is related to performance bottlenecks. Monitoring GPU usage, CPU usage, and memory usage can reveal the root cause.\n\n\ud83d\udc49 **Action:** Look for sections that describe packaging and any settings related to graphics or performance.",
      "action": "Look for sections that describe packaging and any settings related to graphics or performance.",
      "content": [
        {
          "type": "video",
          "title": "Packaging Your Project in Unreal Engine",
          "url": "https://youtube.com/watch?v=-OyVWhP2ekk",
          "thumbnail_url": "https://i.ytimg.com/vi/-OyVWhP2ekk/hqdefault.jpg",
          "description": "**Why this helps:** While the video is about packaging, understanding the overall process can help identify if your issue arises during resource intensive tasks like building lighting or compiling shaders.\n\n\u23f1\ufe0f **When to watch:** Look for sections on building lighting and shader compilation (likely in the middle to later sections). (10 minutes)"
        }
      ]
    },
    {
      "number": 3,
      "type": "resolution",
      "title": "Step 3: Apply the Fix - Reducing GPU Load",
      "description": "A common cause of 'D3D device lost' is the GPU being overloaded. Try reducing the graphics settings to see if it resolves the problem.\n\n\ud83d\udc49 **Action:** Reduce the graphics settings in the project. Also, check if the issue occurs when exporting.",
      "action": "Reduce the graphics settings in the project. Also, check if the issue occurs when exporting.",
      "content": [
        {
          "type": "video",
          "title": "Animech\u2019s Unreal for Web Plugin | Unreal Build: Automotive 2021",
          "url": "https://youtube.com/watch?v=MoYshrfCkNw",
          "thumbnail_url": "https://i.ytimg.com/vi/MoYshrfCkNw/hqdefault.jpg",
          "description": "**Why this helps:** This video demonstrates how to convert and publish 3D scenes. While not directly related, the process of converting and publishing might trigger the D3D error, which might point to incompatibility of settings.\n\n\u23f1\ufe0f **When to watch:** Watch the video to understand the conversion process. If the error occurs during conversion, then the problem is most likely related to the project settings. (5 minutes)"
        }
      ]
    },
    {
      "number": 4,
      "type": "prevention",
      "title": "Step 4: Prevent Future Issues - Driver Management and Testing",
      "description": "Keeping your drivers updated and testing your game on different hardware configurations can help prevent future 'D3D device lost' errors.\n\n\ud83d\udc49 **Action:** Ensure your graphics drivers are up-to-date. Test your game on different hardware if possible.",
      "action": "Ensure your graphics drivers are up-to-date. Test your game on different hardware if possible.",
      "content": [
        {
          "type": "video",
          "title": "Plugin-afying Lyra: Shipping a Game on the UE5 Lyra Framework | Unreal Fest 2024",
          "url": "https://youtube.com/watch?v=cG2831J8RzE",
          "thumbnail_url": "https://i.ytimg.com/vi/cG2831J8RzE/hqdefault.jpg",
          "description": "**Why this helps:** This video shows how to ship a game on the Lyra framework. While it's about Lyra, it indirectly covers aspects of project setup and deployment that can help prevent future errors by ensuring a stable project configuration.\n\n\u23f1\ufe0f **When to watch:** Focus on the sections discussing project configuration and deployment strategies. (10 minutes)"
        }
      ]
    }
  ]
}