[
  {
    "query": "blueprint accessed none",
    "file": "blueprint_accessed_none.json",
    "steps": 4
  },
  {
    "query": "cook failed",
    "file": "cook_failed.json",
    "steps": 4
  },
  {
    "query": "D3D device lost",
    "file": "d3d_device_lost.json",
    "steps": 4
  },
  {
    "query": "ExitCode 25",
    "file": "exitcode_25.json",
    "steps": 0
  },
  {
    "query": "GPU crash",
    "file": "gpu_crash.json",
    "steps": 4
  },
  {
    "query": "Lumen artifacts",
    "file": "lumen_artifacts.json",
    "steps": 4
  },
  {
    "query": "Lumen flickering",
    "file": "lumen_flickering.json",
    "steps": 4
  },
  {
    "query": "Lumen noise",
    "file": "lumen_noise.json",
    "steps": 4
  },
  {
    "query": "Nanite LOD",
    "file": "nanite_lod.json",
    "steps": 4
  },
  {
    "query": "Nanite performance",
    "file": "nanite_performance.json",
    "steps": 4
  },
  {
    "query": "packaging error",
    "file": "packaging_error.json",
    "steps": 4
  }
]