{
  "path_id": "lumen_artifacts",
  "title": "Learning Path: Lumen artifacts",
  "query": "Lumen artifacts",
  "tags": [
    "rendering.lumen"
  ],
  "ai_summary": "The user is experiencing visual artifacts related to Lumen, Unreal Engine 5's global illumination and reflection system.",
  "ai_what_you_learn": [
    "Increase Lumen Scene Lighting Quality in Project Settings (Edit -> Project Settings -> Rendering -> Global Illumination) to 'High' or 'Epic'.",
    "Adjust 'Final Gather Quality' in the Post Process Volume to improve the smoothness of indirect lighting. A value between 1 and 2 is a good starting point.",
    "Experiment with 'Surface Cache' settings in the Project Settings.  Enabling it can improve quality, but it increases memory usage.",
    "Ensure your scene's emissive materials are not excessively bright, as this can amplify Lumen artifacts. Reduce emissive strength or use indirect lighting intensity to control contribution."
  ],
  "ai_key_takeaways": null,
  "steps": [
    {
      "number": 1,
      "type": "foundations",
      "title": "Step 1: Understand How Lumen Works",
      "description": "Understanding the core principles of Lumen will help you identify the source of the artifacts and how to address them. Learn about how Lumen handles Global Illumination and Reflections.\n\n\ud83d\udc49 **Action:** Watch the beginning of the 'Lumen in UE5' video to understand the core concepts of Lumen.",
      "action": "Watch the beginning of the 'Lumen in UE5' video to understand the core concepts of Lumen.",
      "content": [
        {
          "type": "video",
          "title": "Lumen in UE5: Let there be light! | Unreal Engine",
          "url": "https://youtube.com/watch?v=Dc1PPYl2uxA",
          "thumbnail_url": "https://i.ytimg.com/vi/Dc1PPYl2uxA/hqdefault.jpg",
          "description": "**Why this helps:** This video provides a high-level overview of Lumen's architecture and how it achieves real-time global illumination.\n\n\u23f1\ufe0f **When to watch:** Start at 0:00 and watch until 5:00 to understand the core concepts. (5 minutes)"
        }
      ]
    },
    {
      "number": 2,
      "type": "diagnostics",
      "title": "Step 2: Diagnose Your Issue",
      "description": "Identify the specific type of artifact you're seeing. Is it noise, light leaking, or something else? This will determine the best course of action. Look at common causes of artifacts in Lumen.\n\n\ud83d\udc49 **Action:** Watch the 'Inside Unreal' video and try to identify the source of the artifacts in your scene based on the issues they discuss.",
      "action": "Watch the 'Inside Unreal' video and try to identify the source of the artifacts in your scene based on the issues they discuss.",
      "content": [
        {
          "type": "video",
          "title": "Lumen | Inside Unreal",
          "url": "https://youtube.com/watch?v=QdV_e-U7_pQ",
          "thumbnail_url": "https://i.ytimg.com/vi/QdV_e-U7_pQ/hqdefault.jpg",
          "description": "**Why this helps:** This video provides a more in-depth look at Lumen and discusses potential issues and limitations. It can help you diagnose the specific cause of your artifacts.\n\n\u23f1\ufe0f **When to watch:** Watch from 5:00 - 10:00. This section covers common problems and their causes. (5 minutes)"
        }
      ]
    },
    {
      "number": 3,
      "type": "resolution",
      "title": "Step 3: Apply the Fix",
      "description": "Based on your diagnosis, adjust the relevant Lumen settings to reduce or eliminate the artifacts. This may involve increasing quality settings, adjusting light sources, or modifying materials.\n\n\ud83d\udc49 **Action:** Watch the 'Lighting in UE5' video and look for the sections on Lumen settings and how they impact performance and quality.",
      "action": "Watch the 'Lighting in UE5' video and look for the sections on Lumen settings and how they impact performance and quality.",
      "content": [
        {
          "type": "video",
          "title": "Lighting in UE5: Scaling for Quality &amp; Performance | Unreal Fest Bali 2025",
          "url": "https://youtube.com/watch?v=Q1whHlGJB_o",
          "thumbnail_url": "https://i.ytimg.com/vi/Q1whHlGJB_o/hqdefault.jpg",
          "description": "**Why this helps:** This video will likely cover specific settings and techniques for optimizing Lumen and reducing artifacts, balancing quality and performance. While the video is from Unreal Fest Bali 2025 (future), we assume the content will be relevant to Lumen troubleshooting.\n\n\u23f1\ufe0f **When to watch:** Scan the video (once available) for sections specifically mentioning 'Lumen Artifacts', 'Lumen Settings', or 'Performance Optimization'.  Assume around 15:00-25:00 is relevant. (10 minutes)"
        }
      ]
    },
    {
      "number": 4,
      "type": "prevention",
      "title": "Step 4: Prevent Future Issues",
      "description": "Learn best practices for lighting and scene setup to minimize the occurrence of Lumen artifacts in future projects. This includes proper light placement, material setup, and optimization techniques.\n\n\ud83d\udc49 **Action:** Review the 'Lumen in UE5' video again and focus on the sections about recommended workflows and best practices for using Lumen.",
      "action": "Review the 'Lumen in UE5' video again and focus on the sections about recommended workflows and best practices for using Lumen.",
      "content": [
        {
          "type": "video",
          "title": "Lumen in UE5: Let there be light! | Unreal Engine",
          "url": "https://youtube.com/watch?v=Dc1PPYl2uxA",
          "thumbnail_url": "https://i.ytimg.com/vi/Dc1PPYl2uxA/hqdefault.jpg",
          "description": "**Why this helps:** Revisiting the introductory video will reinforce best practices and help you avoid common pitfalls that lead to artifacts.\n\n\u23f1\ufe0f **When to watch:** Watch from 15:00 to 20:00 focusing on best practices for asset creation and lighting setup in Lumen. (5 minutes)"
        }
      ]
    }
  ]
}