{
  "path_id": "lumen_noise",
  "title": "Learning Path: Lumen noise",
  "query": "Lumen noise",
  "tags": [
    "rendering.lumen"
  ],
  "ai_summary": "The user is experiencing visual artifacts or graininess in their Unreal Engine 5 project when using Lumen global illumination.",
  "ai_what_you_learn": [
    "Increase the Lumen Scene Lighting Quality in Project Settings to 'High' or 'Epic' for improved visual fidelity but at a higher performance cost.",
    "Adjust the 'Final Gather Quality' and 'Final Gather Max Ray Distance' in the Post Process Volume settings to reduce noise, balancing quality and performance.",
    "Experiment with the 'Screen Percentage' setting; increasing it can reduce noise, but significantly impacts performance.",
    "Use Temporal Anti-Aliasing (TAA) with high-quality settings and consider enabling 'TAA Gen5' if supported by your hardware for better noise reduction."
  ],
  "ai_key_takeaways": null,
  "steps": [
    {
      "number": 1,
      "type": "foundations",
      "title": "Step 1: Understand Lumen Fundamentals",
      "description": "Understanding how Lumen works is crucial for identifying the source of the noise. This step provides a high-level overview of Lumen's capabilities and inner workings.\n\n\ud83d\udc49 **Action:** Watch the first part of the 'Lumen in UE5' video to understand the basics of Lumen's global illumination and reflections.",
      "action": "Watch the first part of the 'Lumen in UE5' video to understand the basics of Lumen's global illumination and reflections.",
      "content": [
        {
          "type": "video",
          "title": "Lumen in UE5: Let there be light! | Unreal Engine",
          "url": "https://youtube.com/watch?v=Dc1PPYl2uxA",
          "thumbnail_url": "https://i.ytimg.com/vi/Dc1PPYl2uxA/hqdefault.jpg",
          "description": "**Why this helps:** Provides a general introduction to Lumen and its core features, helping you understand its purpose and how it operates.\n\n\u23f1\ufe0f **When to watch:** Start at the beginning and watch until the explanation of how Lumen handles global illumination (around 0:00-5:00). (5 minutes)"
        }
      ]
    },
    {
      "number": 2,
      "type": "diagnostics",
      "title": "Step 2: Diagnose Your Issue",
      "description": "This step helps you identify specific settings that contribute to Lumen noise and how to check them in your project. Look for sections on troubleshooting visual artifacts.\n\n\ud83d\udc49 **Action:** Examine the 'Inside Unreal' video focusing on potential causes of visual noise and how to debug them.",
      "action": "Examine the 'Inside Unreal' video focusing on potential causes of visual noise and how to debug them.",
      "content": [
        {
          "type": "video",
          "title": "Lumen | Inside Unreal",
          "url": "https://youtube.com/watch?v=QdV_e-U7_pQ",
          "thumbnail_url": "https://i.ytimg.com/vi/QdV_e-U7_pQ/hqdefault.jpg",
          "description": "**Why this helps:** This video likely delves into the technical details of Lumen, and may cover common issues and solutions related to noise. It provides a more in-depth view than the first video.\n\n\u23f1\ufe0f **When to watch:** Look for the section discussing visual artifacts or troubleshooting Lumen (around 10:00-15:00). (5 minutes)"
        }
      ]
    },
    {
      "number": 3,
      "type": "resolution",
      "title": "Step 3: Apply the Fix",
      "description": "This step focuses on practical adjustments to lighting and post-processing settings to directly reduce or eliminate Lumen noise. It involves actively modifying parameters in your project.\n\n\ud83d\udc49 **Action:** Watch the 'Lighting in UE5' video to learn how to scale lighting settings for both quality and performance, paying close attention to Lumen-specific adjustments. Apply changes in your scene.",
      "action": "Watch the 'Lighting in UE5' video to learn how to scale lighting settings for both quality and performance, paying close attention to Lumen-specific adjustments. Apply changes in your scene.",
      "content": [
        {
          "type": "video",
          "title": "Lighting in UE5: Scaling for Quality &amp; Performance | Unreal Fest Bali 2025",
          "url": "https://youtube.com/watch?v=Q1whHlGJB_o",
          "thumbnail_url": "https://i.ytimg.com/vi/Q1whHlGJB_o/hqdefault.jpg",
          "description": "**Why this helps:** This video directly addresses the balance between visual quality and performance, which is key to resolving noise issues without sacrificing framerate. It should cover specific settings related to Lumen that can be adjusted.\n\n\u23f1\ufe0f **When to watch:** Focus on the sections discussing Lumen settings and their impact on performance and visual quality (around 15:00-25:00). (10 minutes)"
        }
      ]
    },
    {
      "number": 4,
      "type": "prevention",
      "title": "Step 4: Prevent Future Issues",
      "description": "This step helps you understand how to optimize your scene from the beginning to minimize Lumen noise, including asset creation and level design considerations.\n\n\ud83d\udc49 **Action:** Review the 'Behind the scenes of \u201cLumen in the Land of Nanite\u201d' video to understand how a professional demo scene was built with Lumen in mind. Focus on the lighting setup and how they handled complex geometry.",
      "action": "Review the 'Behind the scenes of \u201cLumen in the Land of Nanite\u201d' video to understand how a professional demo scene was built with Lumen in mind. Focus on the lighting setup and how they handled complex geometry.",
      "content": [
        {
          "type": "video",
          "title": "Behind the scenes of \u201cLumen in the Land of Nanite\u201d | Unreal Engine 5",
          "url": "https://youtube.com/watch?v=ntvrjeW2Pek",
          "thumbnail_url": "https://i.ytimg.com/vi/ntvrjeW2Pek/hqdefault.jpg",
          "description": "**Why this helps:** This video gives insight into how professionals approached lighting and scene design using Lumen. Understanding their workflow can help prevent noise issues from the start.\n\n\u23f1\ufe0f **When to watch:** Focus on the sections discussing lighting techniques and how they optimized the scene for Lumen (around 20:00-30:00, if such a section exists. Otherwise, watch from the beginning and look for relevant parts). (10 minutes)"
        }
      ]
    }
  ]
}