{
  "path_id": "lumen_flickering",
  "title": "Learning Path: Lumen flickering",
  "query": "Lumen flickering",
  "tags": [
    "rendering.lumen"
  ],
  "ai_summary": "The user is experiencing flickering artifacts related to Lumen's global illumination and reflections in Unreal Engine 5.",
  "ai_what_you_learn": [
    "Increase Lumen Scene Lighting Quality in Project Settings -> Rendering -> Global Illumination to 'High' or 'Epic' to reduce flickering.",
    "Adjust the Final Gather Quality in the Post Process Volume. Higher values reduce flickering but increase performance cost.",
    "Enable 'Surface Cache' in the Lumen settings within your project's rendering settings to stabilize indirect lighting.",
    "Use Nanite geometry where possible, as it provides more accurate surface information for Lumen calculations, reducing artifacts."
  ],
  "ai_key_takeaways": null,
  "steps": [
    {
      "number": 1,
      "type": "foundations",
      "title": "Step 1: Understand Lumen Fundamentals",
      "description": "Understanding how Lumen works is crucial for troubleshooting flickering issues. This step provides a general overview of the system and its core components.\n\n\ud83d\udc49 **Action:** Watch the first part of the 'Lumen in UE5' video to grasp the core concepts.",
      "action": "Watch the first part of the 'Lumen in UE5' video to grasp the core concepts.",
      "content": [
        {
          "type": "video",
          "title": "Lumen in UE5: Let there be light! | Unreal Engine",
          "url": "https://youtube.com/watch?v=Dc1PPYl2uxA",
          "thumbnail_url": "https://i.ytimg.com/vi/Dc1PPYl2uxA/hqdefault.jpg",
          "description": "**Why this helps:** This video introduces Lumen's core functionality and how it achieves real-time global illumination. Understanding the underlying principles is essential for identifying potential causes of flickering.\n\n\u23f1\ufe0f **When to watch:** Start at the beginning and watch until ~5:00 for an overview of Lumen's architecture and capabilities. (5 minutes)"
        }
      ]
    },
    {
      "number": 2,
      "type": "diagnostics",
      "title": "Step 2: Diagnose Your Issue",
      "description": "Flickering can stem from various factors, from Lumen settings to scene complexity. This step helps pinpoint the specific cause in your project.\n\n\ud83d\udc49 **Action:** Examine your Lumen settings and scene complexity, comparing them to the performance considerations discussed in the video.",
      "action": "Examine your Lumen settings and scene complexity, comparing them to the performance considerations discussed in the video.",
      "content": [
        {
          "type": "video",
          "title": "Lighting in UE5: Scaling for Quality &amp; Performance | Unreal Fest Bali 2025",
          "url": "https://youtube.com/watch?v=Q1whHlGJB_o",
          "thumbnail_url": "https://i.ytimg.com/vi/Q1whHlGJB_o/hqdefault.jpg",
          "description": "**Why this helps:** This video discusses the relationship between Lumen settings, scene complexity, and performance. It helps identify which settings are most likely causing the flickering.\n\n\u23f1\ufe0f **When to watch:** Look at the parts of the video that discuss Lumen settings and how they affect quality and performance. Start watching around 5:00 for the specifics on Lumen settings. (10 minutes)"
        }
      ]
    },
    {
      "number": 3,
      "type": "resolution",
      "title": "Step 3: Apply the Fix",
      "description": "Based on your diagnosis, this step guides you on how to adjust Lumen settings and optimize your scene to eliminate flickering.\n\n\ud83d\udc49 **Action:** Adjust Lumen settings based on the recommendations in the video, starting with Scene Lighting Quality and Final Gather Quality.",
      "action": "Adjust Lumen settings based on the recommendations in the video, starting with Scene Lighting Quality and Final Gather Quality.",
      "content": [
        {
          "type": "video",
          "title": "Optimizing UE5: Advanced Rendering, Graphics Performance, and Memory Management | Unreal Fest 2024",
          "url": "https://youtube.com/watch?v=dj4kNnj4FAQ",
          "thumbnail_url": "https://i.ytimg.com/vi/dj4kNnj4FAQ/hqdefault.jpg",
          "description": "**Why this helps:** This video covers advanced rendering techniques, performance optimization, and memory management in UE5. It's relevant because flickering can be caused by performance bottlenecks and incorrect settings. Pay special attention to the sections about rendering settings and optimization techniques.\n\n\u23f1\ufe0f **When to watch:** Focus on sections related to rendering settings and optimization, especially those concerning Lumen. Start watching around 15:00 for tips on optimizing Lumen settings. (15 minutes)"
        }
      ]
    },
    {
      "number": 4,
      "type": "prevention",
      "title": "Step 4: Prevent Future Issues",
      "description": "This step focuses on establishing best practices for lighting and scene setup to avoid Lumen flickering in future projects.\n\n\ud83d\udc49 **Action:** Implement the best practices for lighting and scene setup discussed in the video, such as using Nanite geometry and optimizing light sources.",
      "action": "Implement the best practices for lighting and scene setup discussed in the video, such as using Nanite geometry and optimizing light sources.",
      "content": [
        {
          "type": "video",
          "title": "Behind the scenes of \u201cLumen in the Land of Nanite\u201d | Unreal Engine 5",
          "url": "https://youtube.com/watch?v=ntvrjeW2Pek",
          "thumbnail_url": "https://i.ytimg.com/vi/ntvrjeW2Pek/hqdefault.jpg",
          "description": "**Why this helps:** This video offers insights into how Epic Games approached lighting and scene design in the 'Lumen in the Land of Nanite' demo. It showcases best practices for creating visually appealing and performant scenes using Lumen and Nanite.\n\n\u23f1\ufe0f **When to watch:** Watch the video to understand the techniques used to create the demo. Focus on the lighting sections and how Nanite was used to improve performance and visual quality. Start watching around 8:00 for the lighting setup techniques. (10 minutes)"
        }
      ]
    }
  ]
}