{
  "path_id": "nanite_performance",
  "title": "Learning Path: Nanite performance",
  "query": "Nanite performance",
  "tags": [
    "rendering.nanite"
  ],
  "ai_summary": "The user is experiencing performance issues related to Nanite in Unreal Engine 5, likely manifesting as low frame rates or stuttering.",
  "ai_what_you_learn": [
    "Enable 'Support Compute Skincache' in Project Settings -> Rendering to significantly improve skeletal mesh Nanite performance.",
    "Adjust the 'Fallback Percent Triangles' setting in the Nanite settings of an object to control the reduction of triangles on lower LODs (try values between 0.5 and 0.8 as a starting point).",
    "Use Nanite Visualization modes (e.g., Triangles, Material ID) to identify performance bottlenecks and areas with excessive detail.",
    "Consider disabling Nanite on objects that are very small or far away from the camera, as the overhead might outweigh the benefits."
  ],
  "ai_key_takeaways": null,
  "steps": [
    {
      "number": 1,
      "type": "foundations",
      "title": "Step 1: Understand Nanite Fundamentals",
      "description": "Understanding the basics of Nanite is crucial for troubleshooting performance. This step covers what Nanite is, how it works, and its core benefits and limitations.\n\n\ud83d\udc49 **Action:** Watch the initial explanation of Nanite's core concepts to grasp its functionality.",
      "action": "Watch the initial explanation of Nanite's core concepts to grasp its functionality.",
      "content": [
        {
          "type": "video",
          "title": "What is virtualized micropolygon geometry? An explainer on Nanite | Unreal Engine 5",
          "url": "https://youtube.com/watch?v=-50MJf7hyOw",
          "thumbnail_url": "https://i.ytimg.com/vi/-50MJf7hyOw/hqdefault.jpg",
          "description": "**Why this helps:** This video provides a clear explanation of what virtualized micropolygon geometry is and how Nanite works under the hood. It's fundamental for understanding the technology's strengths and weaknesses.\n\n\u23f1\ufe0f **When to watch:** Start at 0:00 and watch until 3:00 to understand the core concept of Nanite. (3 minutes)"
        }
      ]
    },
    {
      "number": 2,
      "type": "diagnostics",
      "title": "Step 2: Diagnose Your Issue",
      "description": "Before applying any fixes, you need to identify *where* the performance bottleneck lies. This step covers using visualization tools and understanding Nanite's performance characteristics.\n\n\ud83d\udc49 **Action:** Explore Nanite Visualization modes within the UE5 editor to pinpoint problem areas with high triangle density or rendering overhead.",
      "action": "Explore Nanite Visualization modes within the UE5 editor to pinpoint problem areas with high triangle density or rendering overhead.",
      "content": [
        {
          "type": "video",
          "title": "Nanite | Inside Unreal",
          "url": "https://youtube.com/watch?v=TMorJX3Nj6U",
          "thumbnail_url": "https://i.ytimg.com/vi/TMorJX3Nj6U/hqdefault.jpg",
          "description": "**Why this helps:** This video showcases the Nanite visualization tools available in Unreal Engine. Understanding these tools is crucial for identifying performance bottlenecks related to Nanite.\n\n\u23f1\ufe0f **When to watch:** Watch from 4:00 to 7:00 to see the different visualization modes and how they can help you understand Nanite's performance impact. (3 minutes)"
        }
      ]
    },
    {
      "number": 3,
      "type": "resolution",
      "title": "Step 3: Apply the Fix",
      "description": "Now that you know where the problem is, you can apply specific fixes. This step covers common optimization techniques for Nanite assets.\n\n\ud83d\udc49 **Action:** Experiment with reducing 'Fallback Percent Triangles' and enabling 'Support Compute Skincache' in your project settings.",
      "action": "Experiment with reducing 'Fallback Percent Triangles' and enabling 'Support Compute Skincache' in your project settings.",
      "content": [
        {
          "type": "video",
          "title": "Nanite for Artists | GDC 2024",
          "url": "https://youtube.com/watch?v=eoxYceDfKEM",
          "thumbnail_url": "https://i.ytimg.com/vi/eoxYceDfKEM/hqdefault.jpg",
          "description": "**Why this helps:** This video, being the most recent, will cover the latest optimization techniques and features for Nanite, as well as artist workflows for optimizing Nanite assets. This is the most direct approach for improving performance.\n\n\u23f1\ufe0f **When to watch:** Watch from 10:00 to 14:00 for practical tips on optimizing Nanite assets for performance. Focus on the LOD section. (4 minutes)"
        }
      ]
    },
    {
      "number": 4,
      "type": "prevention",
      "title": "Step 4: Prevent Future Issues",
      "description": "This step focuses on establishing best practices to avoid performance problems from the start. This includes appropriate asset creation and project setup.\n\n\ud83d\udc49 **Action:** Establish guidelines for asset creation and import settings to ensure Nanite is used efficiently from the outset.",
      "action": "Establish guidelines for asset creation and import settings to ensure Nanite is used efficiently from the outset.",
      "content": [
        {
          "type": "video",
          "title": "Unreal Engine 5.4 Nanite Tessellation",
          "url": "https://youtube.com/watch?v=x8pIpZzGeM0",
          "thumbnail_url": "https://i.ytimg.com/vi/x8pIpZzGeM0/hqdefault.jpg",
          "description": "**Why this helps:** While focused on tessellation, this video highlights new features and controls that can impact Nanite performance. Understanding these features helps to prevent performance problems by using them judiciously.\n\n\u23f1\ufe0f **When to watch:** Watch from 0:00 to 3:00 to understand the basics of Nanite Tessellation and how it affects performance. (3 minutes)"
        }
      ]
    }
  ]
}