{
  "path_id": "nanite_lod",
  "title": "Learning Path: Nanite LOD",
  "query": "Nanite LOD",
  "tags": [
    "rendering.nanite"
  ],
  "ai_summary": "The user is experiencing issues related to Nanite, Unreal Engine 5's virtualized micropolygon geometry system, likely concerning performance, visual fidelity, or workflow integration.",
  "ai_what_you_learn": [
    "Enable Nanite on static mesh assets by right-clicking in the Content Browser, selecting 'Import to Nanite', or enabling 'Build Nanite' in the Static Mesh Editor.",
    "Use the 'Nanite Visualization' modes (e.g., 'Triangle Count', 'Material ID') in the viewport to diagnose performance and visual issues.",
    "Understand that Nanite is best suited for static meshes with high polygon counts and complex details; avoid using it on simple, low-poly objects.",
    "Be mindful of Nanite's limitations with dynamic geometry and certain material effects, requiring alternative solutions for those cases."
  ],
  "ai_key_takeaways": null,
  "steps": [
    {
      "number": 1,
      "type": "foundations",
      "title": "Step 1: Understand the Basics of Nanite",
      "description": "Understanding the core concepts of Nanite is crucial before troubleshooting specific issues. This step introduces what Nanite is and how it fundamentally changes the way geometry is handled in Unreal Engine.\n\n\ud83d\udc49 **Action:** Watch the 'What is virtualized micropolygon geometry?' video to grasp the core concepts of Nanite.",
      "action": "Watch the 'What is virtualized micropolygon geometry?' video to grasp the core concepts of Nanite.",
      "content": [
        {
          "type": "video",
          "title": "What is virtualized micropolygon geometry? An explainer on Nanite | Unreal Engine 5",
          "url": "https://youtube.com/watch?v=-50MJf7hyOw",
          "thumbnail_url": "https://i.ytimg.com/vi/-50MJf7hyOw/hqdefault.jpg",
          "description": "**Why this helps:** This video provides a clear explanation of what Nanite is, how it works, and the benefits it offers over traditional LOD systems.\n\n\u23f1\ufe0f **When to watch:** Start at the beginning to get a full overview. (5 minutes)"
        }
      ]
    },
    {
      "number": 2,
      "type": "diagnostics",
      "title": "Step 2: Diagnose Your Issue with Nanite Visualizations",
      "description": "Once you understand the basics, you need to be able to diagnose what's going wrong. Unreal Engine provides visualization tools specifically for Nanite. This step focuses on using these tools to identify performance bottlenecks or visual artifacts.\n\n\ud83d\udc49 **Action:** Watch the 'Nanite | Inside Unreal' video and look for the section on Nanite Visualizations.",
      "action": "Watch the 'Nanite | Inside Unreal' video and look for the section on Nanite Visualizations.",
      "content": [
        {
          "type": "video",
          "title": "Nanite | Inside Unreal",
          "url": "https://youtube.com/watch?v=TMorJX3Nj6U",
          "thumbnail_url": "https://i.ytimg.com/vi/TMorJX3Nj6U/hqdefault.jpg",
          "description": "**Why this helps:** This video demonstrates the various Nanite visualization modes available in the editor, allowing you to inspect triangle density, material IDs, and other relevant information for debugging.\n\n\u23f1\ufe0f **When to watch:** Skip to ~10:00 for the Nanite Visualizations section. (5 minutes)"
        }
      ]
    },
    {
      "number": 3,
      "type": "resolution",
      "title": "Step 3: Applying Nanite to Assets and Troubleshooting Common Problems",
      "description": "After diagnosing the issue, you can proceed to apply the correct resolution. This might involve enabling Nanite on an asset, adjusting import settings, or understanding limitations that require alternative solutions.\n\n\ud83d\udc49 **Action:** Watch the 'Nanite for Artists | GDC 2024' video to learn about best practices for applying Nanite to assets and troubleshooting common issues. Pay special attention to the parts about performance and visual quality.",
      "action": "Watch the 'Nanite for Artists | GDC 2024' video to learn about best practices for applying Nanite to assets and troubleshooting common issues. Pay special attention to the parts about performance and visual quality.",
      "content": [
        {
          "type": "video",
          "title": "Nanite for Artists | GDC 2024",
          "url": "https://youtube.com/watch?v=eoxYceDfKEM",
          "thumbnail_url": "https://i.ytimg.com/vi/eoxYceDfKEM/hqdefault.jpg",
          "description": "**Why this helps:** This video is geared towards artists and covers practical aspects of working with Nanite, including import settings, workflow tips, and solutions to common problems encountered when using Nanite.\n\n\u23f1\ufe0f **When to watch:** Focus on sections demonstrating import settings and troubleshooting, around ~15:00 onwards. (10 minutes)"
        }
      ]
    },
    {
      "number": 4,
      "type": "prevention",
      "title": "Step 4: Understanding Advanced Features and Limitations for Future Prevention",
      "description": "To prevent future issues, it's important to understand the advanced features and limitations of Nanite. This step will explore tessellation and situations where Nanite might not be the best choice, guiding you towards alternative solutions.\n\n\ud83d\udc49 **Action:** Watch the 'Unreal Engine 5.4 Nanite Tessellation' video to understand how tessellation interacts with Nanite and the limitations of Nanite with dynamic meshes.",
      "action": "Watch the 'Unreal Engine 5.4 Nanite Tessellation' video to understand how tessellation interacts with Nanite and the limitations of Nanite with dynamic meshes.",
      "content": [
        {
          "type": "video",
          "title": "Unreal Engine 5.4 Nanite Tessellation",
          "url": "https://youtube.com/watch?v=x8pIpZzGeM0",
          "thumbnail_url": "https://i.ytimg.com/vi/x8pIpZzGeM0/hqdefault.jpg",
          "description": "**Why this helps:** This video highlights the new tessellation features in UE 5.4 and provides insights into how Nanite handles complex geometry. Understanding tessellation helps prevent issues related to silhouette quality and level of detail.\n\n\u23f1\ufe0f **When to watch:** Watch the entire video for a comprehensive overview of Nanite Tessellation. (7 minutes)"
        }
      ]
    }
  ]
}