<?xml version="1.0" encoding="utf-8"?>
<tincan xmlns="http://projecttincan.com/tincan.xsd">
  <activities>
    <activity id="https://ue5-learning-paths.web.app" type="http://adlnet.gov/expapi/activities/course">
      <name>UE5 Learning Path Builder</name>
      <description lang="en-US">Interactive AI-powered troubleshooting paths for Unreal Engine 5. Search for common issues like "Lumen flickering", "packaging errors", or "blueprint accessed none" to get step-by-step solutions with curated video tutorials.</description>
      <launch lang="en-US">index.html</launch>
    </activity>
  </activities>
</tincan>
